{"count":1,"self":83.1200576,"total":609.2767446,"children":{"InitializeActuators":{"count":15,"self":0.0019050999999999998,"total":0.0019050999999999998,"children":null},"InitializeSensors":{"count":15,"self":0.0105183,"total":0.0105183,"children":null},"AgentSendState":{"count":27934,"self":0.7593601,"total":167.63860839999998,"children":{"CollectObservations":{"count":83805,"self":0.0600408,"total":0.0600408,"children":null},"WriteActionMask":{"count":83805,"self":0.14307409999999998,"total":0.14307409999999998,"children":null},"RequestDecision":{"count":83805,"self":0.82242609999999994,"total":166.6761334,"children":{"AgentInfo.ToProto":{"count":83805,"self":0.7029459,"total":165.8537073,"children":{"GenerateSensorData":{"count":83805,"self":4.6275575999999994,"total":165.1507614,"children":{"CameraSensor.GetCompressedObservation":{"count":83805,"self":160.5232,"total":160.52320369999998,"children":null}}}}}}}}},"DecideAction":{"count":27934,"self":351.94444799999997,"total":351.9444391,"children":null},"AgentAct":{"count":27934,"self":1.6041265,"total":1.6041265,"children":null},"AgentInfo.ToProto":{"count":1859,"self":0.0307512,"total":4.9551004999999995,"children":{"GenerateSensorData":{"count":1859,"self":0.1745444,"total":4.9243492999999994,"children":{"CameraSensor.GetCompressedObservation":{"count":1859,"self":4.7498048,"total":4.7498049,"children":null}}}}}},"gauges":{"MummyCamera.CumulativeReward":{"count":1859,"max":8.802644,"min":-2.06161022,"runningAverage":0.5238548,"value":-0.101,"weightedAverage":1.100239}},"metadata":{"timer_format_version":"0.1.0","start_time_seconds":"1713161396","unity_version":"2022.3.20f1","command_line_arguments":"C:\\Program Files\\Unity\\Hub\\Editor\\2022.3.20f1\\Editor\\Unity.exe -projectpath D:\\GitHub\\2024_1_GameProgramming\\MLAgent_Practice -useHub -hubIPC -cloudEnvironment production","communication_protocol_version":"1.5.0","com.unity.ml-agents_version":"2.3.0-exp.3","scene_name":"MummyCamera","end_time_seconds":"1713162005"}}