{"count":1,"self":85.1084032,"total":816.3462124,"children":{"InitializeActuators":{"count":40,"self":0.0029906999999999998,"total":0.0029906999999999998,"children":null},"InitializeSensors":{"count":40,"self":0.0019931,"total":0.0019931,"children":null},"AgentSendState":{"count":89967,"self":9.8598216,"total":16.8099488,"children":{"CollectObservations":{"count":359880,"self":0.15345219999999998,"total":0.15345219999999998,"children":null},"WriteActionMask":{"count":359880,"self":0.2513296,"total":0.2513296,"children":null},"RequestDecision":{"count":359880,"self":1.4342565,"total":6.5453452,"children":{"AgentInfo.ToProto":{"count":359880,"self":1.0419131,"total":5.1110887,"children":{"GenerateSensorData":{"count":359880,"self":3.0662552,"total":4.0691755999999994,"children":{"RayPerceptionSensor.Perceive":{"count":359880,"self":1.0029204999999999,"total":1.0029204999999999,"children":null}}}}}}}}},"DecideAction":{"count":89967,"self":705.851648,"total":705.8516558,"children":null},"AgentAct":{"count":89967,"self":6.7085348,"total":6.7085348,"children":null},"AgentInfo.ToProto":{"count":95439,"self":0.4279705,"total":1.8616909,"children":{"GenerateSensorData":{"count":95439,"self":1.0911975,"total":1.4337204,"children":{"RayPerceptionSensor.Perceive":{"count":95439,"self":0.34252289999999996,"total":0.34252289999999996,"children":null}}}}}},"gauges":{"MummyIL.CumulativeReward":{"count":95439,"max":0.85,"min":-14.8902225,"runningAverage":-0.688143432,"value":0.85,"weightedAverage":-0.0757656}},"metadata":{"timer_format_version":"0.1.0","start_time_seconds":"1713165900","unity_version":"2022.3.20f1","command_line_arguments":"C:\\Program Files\\Unity\\Hub\\Editor\\2022.3.20f1\\Editor\\Unity.exe -projectpath D:\\GitHub\\2024_1_GameProgramming\\MLAgent_Practice -useHub -hubIPC -cloudEnvironment production","communication_protocol_version":"1.5.0","com.unity.ml-agents_version":"2.3.0-exp.3","scene_name":"MummyIL","end_time_seconds":"1713166716"}}